salario,monto_prestamo,gastos,duracion_meses,elegibilidad,cuota_mensual,fecha_final
2000000.0,10000000.0,120000.0,12,1,888487.8867834162,
10000000.0,20000000.0,150000.0,12,1,1776975.7735668323,
1800000.0,1000000.0,350000.0,6,1,172548.36671088132,
1100000.0,200000000.0,6.0,6,0,34509673.342176266,
1100000.0,200000000.0,6.0,6,0,34509673.342176266,
1800000.0,20000000.0,150000.0,6,0,3450967.334217626,
1800000.0,20000000.0,150000.0,6,0,3450967.334217626,
1800000.0,1000000.0,350000.0,6,1,172548.36671088132,
